State,City,City Link
Alabama,auburn,auburn
Alabama,birmingham,bham
Alabama,dothan,
Alabama,florence / muscle shoals,
Alabama,gadsden-anniston,
Alabama,huntsville / decatur,
Alabama,mobile,
Alabama,montgomery,
Alabama,tuscaloosa,
Alaska,anchorage / mat-su,
Alaska,fairbanks,
Alaska,kenai peninsula,
Alaska,southeast alaska,
Arizona,flagstaff / sedona,
Arizona,mohave county,
Arizona,phoenix,
Arizona,prescott,
Arizona,show low,
Arizona,sierra vista,
Arizona,tucson,
Arizona,yuma,
Arkansas,fayetteville ,
Arkansas,fort smith,
Arkansas,jonesboro,
Arkansas,little rock,littlerock
Arkansas,texarkana,
California,bakersfield,
California,chico,
California,fresno / madera,
California,gold country,
California,hanford-corcoran,
California,humboldt county,
California,imperial county,
California,inland empire,
California,los angeles,
California,mendocino county,
California,merced,
California,modesto,
California,monterey bay,
California,orange county,
California,palm springs,
California,redding,
California,sacramento,
California,san diego,
California,san francisco bay area,
California,san luis obispo,
California,santa barbara,
California,santa maria,
California,siskiyou county,
California,stockton,
California,susanville,
California,ventura county,
California,visalia-tulare,
California,yuba-sutter,
Colorado,boulder,
Colorado,colorado springs,
Colorado,denver,
Colorado,eastern CO,
Colorado,fort collins / north CO,
Colorado,high rockies,
Colorado,pueblo,
Colorado,western slope,
Connecticut,eastern CT,
Connecticut,hartford,
Connecticut,new haven,
Connecticut,northwest CT,
Delaware,delaware,
District of Columbia,washington,
Florida,broward county,
Florida,daytona beach,
Florida,florida keys,
Florida,fort lauderdale,
Florida,ft myers / SW florida,
Florida,gainesville,
Florida,heartland florida,
Florida,jacksonville,
Florida,lakeland,
Florida,miami / dade,
Florida,north central FL,
Florida,ocala,
Florida,okaloosa / walton,
Florida,orlando,
Florida,panama city,
Florida,pensacola,
Florida,sarasota-bradenton,
Florida,south florida,
Florida,space coast,
Florida,st augustine,
Florida,tallahassee,
Florida,tampa bay area,
Florida,treasure coast,
Florida,palm beach county,
Georgia,albany ,
Georgia,athens,
Georgia,atlanta,
Georgia,augusta,
Georgia,brunswick,
Georgia,columbus ,
Georgia,macon / warner robins,
Georgia,northwest GA,
Georgia,savannah / hinesville,
Georgia,statesboro,
Georgia,valdosta,
Hawaii,hawaii,
Idaho,boise,
Idaho,east idaho,
Idaho,lewiston / clarkston,
Idaho,twin falls,
Illinois,bloomington-normal,
Illinois,champaign urbana,
Illinois,chicago,
Illinois,decatur,
Illinois,la salle co,
Illinois,mattoon-charleston,
Illinois,peoria,
Illinois,rockford,
Illinois,southern illinois,
Illinois,springfield ,
Illinois,western IL,
Indiana,bloomington,
Indiana,evansville,
Indiana,fort wayne,
Indiana,indianapolis,
Indiana,kokomo,
Indiana,lafayette / west lafayette,
Indiana,muncie / anderson,
Indiana,richmond ,
Indiana,south bend / michiana,
Indiana,terre haute,
Iowa,ames,
Iowa,cedar rapids,
Iowa,des moines,
Iowa,dubuque,
Iowa,fort dodge,
Iowa,iowa city,
Iowa,mason city,
Iowa,quad cities,
Iowa,sioux city,
Iowa,southeast IA,
Iowa,waterloo / cedar falls,
Kansas,lawrence,
Kansas,manhattan,
Kansas,northwest KS,
Kansas,salina,
Kansas,southeast KS,
Kansas,southwest KS,
Kansas,topeka,
Kansas,wichita,
Kentucky,bowling green,
Kentucky,eastern kentucky,
Kentucky,lexington,
Kentucky,louisville,
Kentucky,owensboro,
Kentucky,western KY,
Louisiana,baton rouge,
Louisiana,central louisiana,
Louisiana,houma,
Louisiana,lafayette,
Louisiana,lake charles,
Louisiana,monroe,
Louisiana,new orleans,
Louisiana,shreveport,
Maine,maine,
Maryland,annapolis,
Maryland,baltimore,
Maryland,eastern shore,
Maryland,frederick,
Maryland,southern maryland,
Maryland,western maryland,
Massachusetts,boston,
Massachusetts,cape cod / islands,
Massachusetts,south coast,
Massachusetts,western massachusetts,
Massachusetts,worcester / central MA,
Michigan,ann arbor,
Michigan,battle creek,
Michigan,central michigan,
Michigan,detroit metro,
Michigan,flint,
Michigan,grand rapids,
Michigan,holland,
Michigan,jackson ,
Michigan,kalamazoo,
Michigan,lansing,
Michigan,monroe ,
Michigan,muskegon,
Michigan,northern michigan,
Michigan,port huron,
Michigan,saginaw-midland-baycity,
Michigan,southwest michigan,
Michigan,the thumb,
Michigan,upper peninsula,
Minnesota,bemidji,
Minnesota,brainerd,
Minnesota,duluth / superior,
Minnesota,mankato,
Minnesota,minneapolis / st paul,
Minnesota,rochester ,
Minnesota,southwest MN,
Minnesota,st cloud,
Mississippi,gulfport / biloxi,
Mississippi,hattiesburg,
Mississippi,jackson,
Mississippi,meridian,
Mississippi,north mississippi,
Mississippi,southwest MS,
Missouri,columbia / jeff city,
Missouri,joplin,
Missouri,kansas city,
Missouri,kirksville,
Missouri,lake of the ozarks,
Missouri,southeast missouri,
Missouri,springfield,
Missouri,st joseph,
Missouri,st louis,
Montana,billings,
Montana,bozeman,
Montana,butte,
Montana,great falls,
Montana,helena,
Montana,kalispell,
Montana,missoula,
Montana,eastern montana,
Nebraska,grand island,
Nebraska,lincoln,
Nebraska,north platte,
Nebraska,omaha / council bluffs,
Nebraska,scottsbluff / panhandle,
Nevada,elko,
Nevada,las vegas,
Nevada,reno / tahoe,
New Hampshire,new hampshire,
New Jersey,central NJ,
New Jersey,jersey shore,
New Jersey,north jersey,
New Jersey,south jersey,
New Mexico,albuquerque,
New Mexico,clovis / portales,
New Mexico,farmington,
New Mexico,las cruces,
New Mexico,roswell / carlsbad,
New Mexico,santa fe / taos,
New York,albany,
New York,binghamton,
New York,buffalo,
New York,catskills,
New York,chautauqua,
New York,elmira-corning,
New York,finger lakes,
New York,glens falls,
New York,hudson valley,
New York,ithaca,
New York,long island,
New York,new york city,
New York,oneonta,
New York,plattsburgh-adirondacks,
New York,potsdam-canton-massena,
New York,rochester,
New York,syracuse,
New York,twin tiers NY/PA,
New York,utica-rome-oneida,
New York,watertown,
North Carolina,asheville,
North Carolina,boone,
North Carolina,charlotte,
North Carolina,eastern NC,
North Carolina,fayetteville,
North Carolina,greensboro,
North Carolina,hickory / lenoir,
North Carolina,jacksonville ,
North Carolina,outer banks,
North Carolina,raleigh / durham / CH,
North Carolina,wilmington,
North Carolina,winston-salem,
North Dakota,bismarck,
North Dakota,fargo / moorhead,
North Dakota,grand forks,
North Dakota,north dakota,
Ohio,akron / canton,
Ohio,ashtabula,
Ohio,athens ,
Ohio,chillicothe,
Ohio,cincinnati,
Ohio,cleveland,
Ohio,columbus,
Ohio,dayton / springfield,
Ohio,lima / findlay,
Ohio,mansfield,
Ohio,sandusky,
Ohio,toledo,
Ohio,tuscarawas co,
Ohio,youngstown,
Ohio,zanesville / cambridge,
Oklahoma,lawton,
Oklahoma,northwest OK,
Oklahoma,oklahoma city,
Oklahoma,stillwater,
Oklahoma,tulsa,
Oregon,bend,
Oregon,corvallis/albany,
Oregon,east oregon,
Oregon,eugene,
Oregon,klamath falls,
Oregon,medford-ashland,
Oregon,oregon coast,
Oregon,portland,
Oregon,roseburg,
Oregon,salem,
Pennsylvania,altoona-johnstown,
Pennsylvania,cumberland valley,
Pennsylvania,erie,
Pennsylvania,harrisburg,
Pennsylvania,lancaster,
Pennsylvania,lehigh valley,
Pennsylvania,meadville,
Pennsylvania,philadelphia,
Pennsylvania,pittsburgh,
Pennsylvania,poconos,
Pennsylvania,reading,
Pennsylvania,scranton / wilkes-barre,
Pennsylvania,state college,
Pennsylvania,williamsport,
Pennsylvania,york,
Rhode Island,rhode island,
South Carolina,charleston,
South Carolina,columbia,
South Carolina,florence,
South Carolina,greenville / upstate,
South Carolina,hilton head,
South Carolina,myrtle beach,
South Dakota,northeast SD,
South Dakota,pierre / central SD,
South Dakota,rapid city / west SD,
South Dakota,sioux falls / SE SD,
South Dakota,south dakota,
Tennessee,chattanooga,
Tennessee,clarksville,
Tennessee,cookeville,
Tennessee,jackson  ,
Tennessee,knoxville,
Tennessee,memphis,
Tennessee,nashville,
Tennessee,tri-cities,
Texas,abilene,
Texas,amarillo,
Texas,austin,
Texas,beaumont / port arthur,
Texas,brownsville,
Texas,college station,
Texas,corpus christi,
Texas,dallas / fort worth,
Texas,deep east texas,
Texas,del rio / eagle pass,
Texas,el paso,
Texas,galveston,
Texas,houston,
Texas,killeen / temple / ft hood,
Texas,laredo,
Texas,lubbock,
Texas,mcallen / edinburg,
Texas,odessa / midland,
Texas,san angelo,
Texas,san antonio,
Texas,san marcos,
Texas,southwest TX,
Texas,texoma,
Texas,tyler / east TX,
Texas,victoria ,
Texas,waco,
Texas,wichita falls,
Utah,logan,
Utah,ogden-clearfield,
Utah,provo / orem,
Utah,salt lake city,
Utah,st george,
Vermont,vermont,
Virginia,charlottesville,
Virginia,danville,
Virginia,fredericksburg,
Virginia,hampton roads,
Virginia,harrisonburg,
Virginia,lynchburg,
Virginia,new river valley,
Virginia,richmond,
Virginia,roanoke,
Virginia,southwest VA,
Virginia,winchester,
Washington,bellingham,
Washington,kennewick-pasco-richland,
Washington,moses lake,
Washington,olympic peninsula,
Washington,pullman / moscow,
Washington,seattle-tacoma,
Washington,skagit / island / SJI,
Washington,spokane / coeur d'alene,
Washington,wenatchee,
Washington,yakima,
West Virginia,charleston ,
West Virginia,eastern panhandle,
West Virginia,huntington-ashland,
West Virginia,morgantown,
West Virginia,northern panhandle,
West Virginia,parkersburg-marietta,
West Virginia,southern WV,
West Virginia,west virginia (old),
Wisconsin,appleton-oshkosh-FDL,
Wisconsin,eau claire,
Wisconsin,green bay,
Wisconsin,janesville,
Wisconsin,kenosha-racine,
Wisconsin,la crosse,
Wisconsin,madison,
Wisconsin,milwaukee,
Wisconsin,northern WI,
Wisconsin,sheboygan,
Wisconsin,wausau,
Wyoming,wyoming,
Territories,guam-micronesia,
Territories,puerto rico,
Territories,U.S. virgin islands,